"Now Shopping by","Користени филтри"
Previous,Претходно
Remove,Избриши
"Remove This Item","Отстрани го овој продукт"
"Shop By",Филтри
"Clear All","Исчисти сè"
"Shopping Options","Филтрирај по"
"Welcome to %store_name","Добредојдовте на %store_name"
"Welcome to %store_name.","Добредојдовте на %store_name."
"To sign in to our site, use these credentials during checkout or on the <a href=""%customer_url"">My Account</a> page:","Да се најавите на нашата онлајн продавница, користете ги овие податоци. <a href=""%customer_url"">Мојот Профил</a>:"
Email:,Емаил:
Password:,Лозинка:
"Password you set when creating account","Лозинката што ја поставивте додека го креиравте профилот"
"Forgot your account password? Click <a href=""%reset_url"">here</a> to reset it.","Ја заборавивте вашата лозинка? Кликнете <a href=""%reset_url"">овде</a> да ја ресетирате."
"When you sign in to your account, you will be able to:","Кога ќе бидете најавени, ќе имате можност:"
"Proceed through checkout faster","Да ги завршувате нарачките побрзо"
"Order Status","Статус на нарачката"
"Check the status of orders","Провери го статусот на твоите нарачки"
"Manage Addresses","Менаџирај адреси"
"Order History","Историја на нарачки"
"View past orders","Видиш направени порачки"
"Thank you for your order from %store_name.","Благодариме за вашата нарачка од %store_name."
"You can check the status of your order by <a href=""%account_url"">logging into your account</a>.","Можете да го проверите статусот на вашата нарачка <a href=""%account_url"">најавувајки се на вашиот профил</a>."
"If you have questions about your order, you can email us at <a href=""mailto:%store_email"">%store_email</a>.","Доколку имате прашања за вашата нарачка, можете да ни пратите емаил на <a href=""mailto:%store_email"">%store_email</a>."
"Billing Info","Информации за плаќање"
"Shipping Info","Информации за испорака"
"Payment Method","Начин на плаќање"
"Shipping Method","Начин на испорака"
"Your order #%increment_id has been updated with a status of <strong>%order_status</strong>.","Вашата нарачка #%increment_id е ажурирана со статус <strong>%order_status</strong>."
"Invoice for your %store_name order","Фактура за вашата нарачка - %store_name"
"Your Invoice #%invoice_id for Order #%order_id","Вашата фактура #%invoice_id за нарачка #%order_id"
"Update to your %store_name invoice","Вашата фактура е ажурирана - %store_name"
"Your %store_name order confirmation","Потврда за вашата нарачка - %store_name"
"Once your package ships we will send you a tracking number.","Веднаш штом ќе ја испорачаме вашата нарачка ќе ве известиме."
"Your Order <span class=""no-link"">#%increment_id</span>","Вашата нарачка <span class=""no-link"">#%increment_id</span>"
"Placed on <span class=""no-link"">%created_at</span>","Направена на <span class=""no-link"">%created_at</span>"
"Update to your %store_name order","Вашата нарачка е ажурирана - %store_name"
"Your %store_name order has shipped","Вашата нарачка е испорачена - %store_name"
"Your shipping confirmation is below. Thank you again for your business.","Вашата испратница за потврда е подолу. Уште еднаш благодариме што купувате кај нас."
"Your Shipment #%shipment_id for Order #%order_id","Вашата испратница #%shipment_id за нарачка #%order_id"
"Update to your %store_name shipment","Вашата испорака е ажурирана - %store_name"
"Account Dashboard","Мојот профил"
"Address Book",Адресар
"Account Information","Информации за профилот"
"My Account","Мојот профил"
Summary,Преглед
Settings,Поставки
Product,Продукт
Price,Цена
Quantity,Количина
Total,Вкупно
"Update Items and Quantities","Ажурирај продукти и количини"
Action,Акција
"Update Quantity","Ажурирај количина"
"Remove Item","Отстрани продукт"
Message,Порака
"Total Items","Вкупно продукти"
No,Не
Yes,Да
Website,"Веб страна"
Save,Зачувај
Delete,Избриши
"Save and Continue Edit","Зачивај и продолжи да изменуваш"
"Delete Attribute","Избриши атрибут"
"Use Default Value","Користи предодрена вредност"
Medium,Средна
"Add New Option","Додади нова опција"
"Delete Option","Избриши опција"
Code,Код
Attributes,Атрибути
None,Нема
"New Address","Нова адреса"
"Please Select","Ве молиме изберете"
"-- Please select --","-- Ве молиме изберете --"
From,Од
To,До
Customers,Купувачи
"Page not found.","Страната не е пронајдена."
"Address is empty.","Адресата е празна."
"Please select an address.","Ве молиме изберете адреса."
"Please enter at least 2 letters of the first name.","Ве молиме внесете барем 2 букви од вашето име."
"Please enter at least 2 letters of the last name.","Ве молиме внесете барем 2 букви од вашето презиме."
"Please enter the quantity of items to add to cart.","Ве молиме внесете количина за продуктите што сакате да ги додадете во кошничката."
"We can't add this item to your shopping cart right now.","Во моментот неможеме да го додадеме продуктот во кошничката."
label,ознака
"Please add invitees.","Ве молиме додадете поканети."
Inactive,Неактивен
Active,Активен
"Please enter the first name.","Ве молиме внесете име."
"Please enter the last name.","Ве молиме внесете презиме."
"Shipping Address","Адреса за испорака"
"Shopping Cart Items","Продукти во кошничка"
"Select a shipping address from your address book or enter a new address.","Изберете адреса за испорака од вашиот адресар или внесете нова адреса."
Company,Фирма
Address,Адреса
"Street Address",Улица
"Street Address %1","Улица %1"
City,Град
"Zip/Postal Code","Поштенски код"
Country,Држава
"Phone Number","Телефонски број"
Fax,Факс
"Added On","Додадено на"
Qty,Кол
Back,Назад
Edit,Измени
"Add New","Додади нов"
"First Name",Име
Name,Име
Email,Емаил
"* Required Fields","* Задолжителни полиња"
Sender,Испраќач
Invitee,Покани
"Maximum %1 email addresses.","Максимум %1 емаил адреса."
"Add Invitee","Додади покана"
Next,Следно
"Last Name",Презиме
Status,Статус
"Product Name","Име на продуктот"
Quantity:,Количина:
"Required Fields","Задолжителни полиња"
Search,Барај
Actions,Акции
View,Види
"Your search returned no results.","Не се пронајдени резултати за вашето барање."
"Please enter at least two letters of the name.","Ве молиме внесете барем две букви од името."
"Add to Cart","Додади во кошничка"
"Ship Here","Испорачај овде"
Date,Датум
"some name","некое име"
"Credit Card Type","Број на кредитната картичка"
"Credit Card Number","Број на кредитната картичка"
Enabled,Овозможено
Title,Наслов
"Please select item(s).","Ве молиме изберете продукт/и."
Cancel,Откажи
Options,Опции
"records found","пронајдени записи"
selected,избрани
Add,Додади
Done,Завршено
Select...,Селектирај...
"Select All","Селектирај ги сите"
"Deselect All","Деселктирај ги сите"
"Go to Details Page","Оди на страната со детали"
from,од
to,до
"Please enter {0} words or less.","Ве молиме внесете {0} зборови или помалку."
"Please enter at least {0} words.","Ве молиме внесете барем {0} збор/зборови."
"Please enter between {0} and {1} words.","Ве молиме внесете помеѓу {0} и {1} зборови."
"Letters or punctuation only please","Ве молиме внесете само букви или интерпункциски знаци"
"Letters, numbers, spaces or underscores only please","Ве молиме внесете само букви, броеви, празни места или долна црта"
"Letters only please","Ве молиме внесете само букви"
"No white space please","Ве молиме без празни места"
"HTML tags are not allowed.","HTML тагови не се дозволени."
"Please select an option.","Ве молиме изберете опција."
"This is a required field.","Ова поле е задолжително."
Close,Затвори
Ok,"Во ред"
"Select Items","Избери продукти"
Submit,Поднеси
Reset,Ресетирај
Apply,Примени
Export,Извоз
"per page","по страна"
Required,Задолжително
System,Систем
Yes/No,Да/Не
"Manage Stock","Менаџирај залиха"
"Minimum Qty Allowed in Shopping Cart","Минимална кол. дозволена во кошничката"
"Maximum Qty Allowed in Shopping Cart","Максимална кол. дозволена во кошничката"
"Stock Availability","Достапност на залиха"
"You created the order.","Ја креиравте нарачката."
"Please choose a payment method.","Ве молиме изберете начин на плаќање."
"Place Order","Направи нарачка"
"New Order Status","Нов статус на нарачката"
"Order by SKU","Нарачка по SKU"
"Enter SKU or Product Name","Внесете SKU или име на продуктот"
"Add Rule","Додадете правило"
"--Please Select--","--Ве молиме изберете--"
"What is this?","Што е ова?"
"Save for later use.","Зачувај за подоцна."
"Display on Shopping Cart","Покажи во кошничка"
"Skip Order Review","Прескокни преглед на нарачка"
Phone,Телефон
"First name is too long.","Името е предолго."
"Last name is too long.","Презимето е предолго."
"Street address is required.","Улицата е задолжителна."
"Street address is too long.","Улицата е премногу долга."
"Order ID","Нарачка ID"
Amount,Сума
Currency,Валута
Month,Месец
Year,Година
"Incorrect payment method.","Неточен начин на плаќање."
"some error","некоја грешка"
"Payment Information","Информации за плаќање"
"Billing Address","Адреса за плаќање"
Tax,Данок
"Excl. Tax","Без ДДВ"
"Incl. Tax","Со ДДВ"
"Total Incl. Tax","Вкупно со ДДВ"
Error,Грешка
"Hide Contact Information","Сокриј информации за контакт"
"continue shopping","продолжи со купување"
Kilograms,Килограми
status,статус
"Field ","Поле "
" is required."," е задолжително."
Password,Лозинка
"Name is missing","Името недостасува"
"What’s on your mind?","Што имате на ум?"
"Contact Form","Контакт формулар"
"Email: %email","Емаил: %email"
(Allow),(Дозволи)
(Deny),(Одбиј)
"Display Product Prices","Покажи цена на продуктите"
"Yes, for Everyone","Да, за сите"
"Yes, for Specified Customer Groups","Да, за дефинирани групи на купувачи"
"You cannot add ""%1"" to the cart.","Неможете да додадете ""%1"" во кошничката."
"Customer Group","Група на купувачи"
"-- Please Select --","-- Ве молиме изберете --"
"All Customer Groups","Сите групи на купувачи"
Allow,Дозволи
Deny,Одбиј
Enable,Овозможи
"Customer Groups","Групи на купувачи"
"Allow Adding to Cart","Дозволи додавање во кошничка"
Preview,Преглед
"Date & Time","Датум & Време"
"Save as a New Update","Зачувај како ново ажурирање"
"Invalid action.","Невалидна акција."
"Delete Update","Избриши го ажурирањето"
View/Edit,Види/Измени
"This action is unavailable","Оваа акција е недостапна"
"Scheduled Changes","Закажи промени"
Start,Почеток
End,Крај
"Update Name","Ажирирај име"
Description,Опис
Width,Ширина
Height,Висина
Disabled,Оневозможено
"Could not save Prices.","Неможе да се зачуваат цените."
"Update Information","Ажурирај информација"
"Schedule Update","Закажи ажирирање"
"Category Name","Име на категорија"
Content,Содржина
"Sort Products By","Сортирај ги продуктите по"
"Delete the Update","Избриши го ажурирањето"
Images,Слики
Products,Продукти
Categories,Категории
Path,Патека
Visibility,Видливост
Continue,Продолжи
name,име
description,опис
All,Сите
"Orders and Returns","Нарачки и враќања"
"Select Product...","Селектирај продукт..."
"Preview is not available.","Прегледот не е достапен."
Next/Previous,"Следно / Претходно"
Update,Ажирирај
Home,Дома
"Go to Home Page","Оди на почетната страна"
Default,Предодредено
Ordered,Порачено
Pages,Страни
Created,Креирано
"Are you sure?","Дали сте сигурни?"
"Save and continue edit.","Зачивај и продолжи да изменуваш."
"Edit Page","Измени страна"
"New Page","Нова страна"
"Some error","Некоја грешка"
Loading...,Вчитување...
"Please wait...","Ве молиме почекајте..."
Orders,Нарачки
"Create New Order","Креирај нова нарачка"
"Save Order Address","Зачувај адреса на нарачка"
Shipping,Испорака
Billing,Плаќање
"Order Address Information","Информации за адресата на нарачката"
"Submit Comment","Испрати Коментар"
"Submit Order","Поднеси нарачка"
"Are you sure you want to cancel this order?","Дали сте сигурни дека сакате да ја отстраните оваа нарачка?"
"Please select a customer","Ве молиме изберете купувач"
"Edit Order #%1","Измени нарачка #%1"
"Items Ordered","Порачени продукти"
Configure,Конфигурирај
"Newsletter Subscription","Претплата за електронски новости"
"Please select products","Ве молиме изберете продукти"
"Update Changes","Ажурирај промени"
"Shopping Cart",Кошничка
"Are you sure you want to delete all items from shopping cart?","Дали сте сигурни дека сакате да ги избришете сите продукти од кошничката?"
"Clear Shopping Cart","Исчисти ја кошничката"
"Recently Compared Products","Последно споредени продукти"
"Recently Viewed Products","Последно видени продукти"
"Last Ordered Items","Последно порачани продукти"
"Recently Viewed","Последно видени"
"Wish List","Листа со желби"
"Please select a store","Ве молиме изберете продавница"
"Order Grand Total",Вкупно
"Send Email","Испрати емаил"
"Submit Invoice and Shipment","Поднеси фактура и испорака"
"Submit Invoice","Поднеси фактура"
"Order Statuses","Статуси на нарачка"
"Edit Order Status","Измени статус на нарачката"
"Save Status","Зачувај статус"
"Order Status Information","Информации за статусот на нарачката"
Reorder,"Нарачи повторно"
"Order Information","Информации за нарачката"
"Order Invoices","Фактури за нарачката"
Any,"Било кое"
Subtotal,Вкупно
"Shipping & Handling","Испорака & Достава"
Discount,Попуст
"Grand Total",Вкупно
"Order # %1","Нарачка # %1"
"Back to My Orders","Назад кон моите нарачки"
"View Another Order","Види друга нарачка"
"My Orders","Мои нарачки"
"New Order","Нова нарачка"
"Edit Order","Измени нарачка"
"You put the order on hold.","Ја ставивте нарачката на чекање."
"Shipping Address: ","Адреса за испорака: "
"Billing Address: ","Адреса за плаќање: "
"Please specify a shipping method.","Ве молиме дефинирајте начин на испорака."
Guest,Гостин
Canceled,Откажено
"Unknown Status","Непознат статус"
Invoiced,Фактурирано
Order,Нарачка
"Order # ","Нарачка # "
"Order Date: ","Датум на нарачка: "
"Ship to:","Испорачај на:"
"Payment Method:","Начин на плаќање:"
"Shipping Method:","Начин на испорака:"
title,наслов
"We can't save the address:\n%1","Неможеме да ја зачуваме адресата:\n%1"
"New Orders","Нови нарачки"
"Order #%1 created at %2","Нарачка #%1 направена на %2"
"Details for %1 #%2","Детали за %1 #%2"
"Current Status: %1<br/>","Сегашен статус: %1<br/>"
"Order # %1 Notification(s)","Нарачка # %1 известување/а"
Closed,Затвори
"Payment Review","Преглед на плаќање"
"Notify Customer by Email","Извести го купувачот по Емаил"
Customer,Купувач
"No Payment Methods","Нема начни на плаќање"
"Order Comments","Коментари за нарачката"
"Apply Coupon Code","Примени го кодот на купунот"
"Remove Coupon Code","Отстрани го кодот на купонот"
"Address Information","Информации за адресата"
"Payment &amp; Shipping Information","Информации за Плаќање &amp; Испорака"
"Order Total",Вкупно
"Same As Billing Address","Исто како адресата за плаќање"
"Select from existing customer addresses:","Избери од постоечките адреси на купувачот:"
"Add New Address","Додади нова адреса"
"Save in address book","Зачувај во адресар"
"No ordered items","Нема нарачани продукти"
"Total %1 product(s)","Вкупно %1 продукт/и"
Subtotal:,Вкупно:
"Please select","Ве молиме изберете"
"Move to Shopping Cart","Премести во кошничка"
"Move to Wish List","Додади во листа со желби"
"Subscribe to Newsletter","Пријави се за електронски новости"
"Click to change shipping method","Кликнете да го променете начинот на испорака"
"You don't need to select a shipping method.","Неморате да изберете начин на испорака."
Refresh,Освежи
Item,Продукт
"Add To Order","Додади во нарачка"
"No items","Нема продукти"
"Grand Total Excl. Tax","Вкупно без ДДВ"
"Grand Total Incl. Tax","Вкупно со ДДВ"
"Subtotal (Excl. Tax)","Вкупно (без ДДВ)"
"Subtotal (Incl. Tax)","Вкупно (со ДДВ)"
"Payment &amp; Shipping Method","Начин на плаќање &amp; испорака"
"Shipping Information","Информации за испорака"
"Items to Refund","Продукти за враќање"
"Qty to Refund","Кол. за враќање"
"No Items To Refund","Нема продукти за враќање"
"Items Refunded","Вратени продукти"
"No Items","Нема продукти"
"Customer Name: %1","Име на купувачот: %1"
Message:,Порака:
"Shipping &amp; Handling","Испорака &amp; Достава"
"Qty to Invoice","Кол. за фактурирање"
"Items Invoiced","Фактурирани продукти"
"Order & Account Information","Нарачка & Информации за профилот"
"Order Date","Датум на нарачка"
"Order Date (%1)","Датум на нарачка (%1)"
"Edit Customer","Измени купувач"
"Customer Name","Име на купувачот"
Items,Продукти
"Order #","Нарачка #"
"Ship To","Испорачај на"
"View Order","Види нарачка"
"You have placed no orders.","Немате направено нарачки."
"No shipping information available","Не се достапни информации за испорака"
"Qty Invoiced","Кол. фактурирано"
"About Your Order","За вашата нарачка"
"<span class=""label"">Order Date:</span> %1","<span class=""label"">Датум на нарачка:</span> %1"
"Qty Shipped","Кол. испорачено"
"Recent Orders","Неодамнешни нарачки"
"View All","Види ги сите"
"Recently Ordered","Последно нарачени"
"If you have questions about your order, you can email us at <a href=""mailto:%store_email"">%store_email</a>","Доколку имате прашања за вашата нарачка, можете да ни пратите емаил на <a href=""mailto:%store_email"">%store_email</a>"
"or call us at <a href=""tel:%store_phone"">%store_phone</a>","или да се јавете на <a href=""tel:%store_phone"">%store_phone</a>"
"Our hours are <span class=""no-link"">%store_hours</span>.","Работно време: <span class=""no-link"">%store_hours</span>."
"Add Products","Додади продукти"
"Default Status","Предодреден статус"
"Item Status","Статус на продукт"
Hidden,Скриено
"Your order number is: %1.","Вашиот број на нарачка е: %1."
"Welcome, %1!","Добредојдовте, %1!"
"What's this?","Што е ова?"
Review,Мислење
Wishlist,"Листа со желби"
"My Wish Lists","Моја листа со желби"
"1 item in wish list","1 продукт во листата со желби"
"%1 items in wish list","%1 продукти во листата со желби"
"Wish List Search","Пребарувај во листата со желби"
"We can't find the item.","Неможеме да го пронајдеме продуктот."
"We can't find %1 items.","Неможеме да пронајдеме %1 продукти."
"We can't copy %1 items.","Неможеме да копираме %1 продукти."
"%1 items are already present in %2: %3.","%1 продуктите се веќе постојат во %2: %3."
"%1 items were copied to %2: %3.","%1 продукти се копирани во %2: %3."
"We can't find an item with this ID.","Неможеме да пронајдеме продукт со ова ID."
"%1 items cannot be moved: %2.","%1 продукти неможе да бидат преместени: %2."
"We can't move %1 items.","Неможеме да преместеме %1 продукти."
"%1 items were moved to %2: %3.","%1 продукти се преместени во %2: %3."
"We can't add the item to shopping cart.","Неможеме да го додадеме продуктот во вашата кошничка."
"We can't add the following product(s) to shopping cart: %1.","Неможеме да ги додадеме следниот/те продукт/и во кошничката: %1."
"%1 product(s) have been added to shopping cart: %2.","%1 продукт/и се додадени во кошничката: %2."
"Sign in to edit wish lists.","Најавете се за да ја измените листата на желби."
"All Wish Lists","Сите листи"
"Delete Wish List","Избриши листа"
Updated,Ажурирано
"Wish List Items","Продукти во листата"
"You must select items to add to the cart.","Морате да одберете продукти за да ги додадете во кошничката."
"Create New Wish List","Креирај нова листа"
"Copy to Wish List","Копирај во листа"
"Wish List Name","Име на листата"
"Create Wish List","Креирај листа со желби"
"Edit Wish List","Измени листа со желби"
"Move Selected to Wish List","Премести во селектираната листа со желби"
"Copy Selected to Wish List","Копирај во селектираната листа со желби"
"Please select items to move.","Ве молиме изберете продукти да ги преместете."
"Please select items to copy.","Ве молиме изберете продукти да ги копирате."
"Wish Lists","Листи со желби"
Added,Додадено
"Add to Wish List","Додади во листа на желби"
Region/State,Регион/State
"Shipping Price","Цена на испорака"
"# of Items (and above)","# на продукти (и погоре)"
"Per Order","По нарачка"
"Per Item","По продукт"
Import,Увоз
"Free Shipping","Бесплатна испорака"
Qty:,Кол:
"Qty: ","Кол: "
deleted,избришено
" - deleted"," - избришено"
"Cart Price: ","Цена на кошничка: "
"Product %1","Продукт %1"
Open,Отвори
Submitted,Поднесено
"Cannot set the shipping price. You must select a shipping method first.","Неможете да ја видите цената на испораката. Прво мора да изберете начин на испорака."
message,порака
test,тест
"Out of stock","Нема на залиха"
"Sender Name","Име на испраќач"
"Sender Email","Емаил на испраќач"
"Recipient Name","Име на примач"
Store,Продавница
"Quote & Account Information","Понуда & Информации за профилот"
"Name & SKU","Име & SKU"
"Cart Price","Цена на кошничка"
"Delete Action","Избриши акција"
"You have no shipping address for this quote.","Немате адреса за испорака за оваа понуда."
"Remove All","Избриши ги сите"
(Updated),(Ажурирано)
(Added),(Додадено)
"Shipping address","Адреса за испорака"
"Shipping method","Начин на испорака"
"Show My Orders","Покажи ги моите нарачки"
"Show All Orders","Покажи ги сите нарачки"
"Select Existing Address","Избери постоечка адреса"
"Select a shipping address from your address book.","Изберете адреса за испорака од вашиот адресар."
"Proceed to Checkout","Заврши ја нарачката"
"Remove item","Отстрани продукт"
"No shipping information available.","Не се достапни информации за испорака."
"Continue Shopping","Продолжи со купување"
"Dear %merchant_name,","Почитувани %merchant_name,"
" submitted by buyer"," поденесено од купувач"
"Dear %customer_name,","Почитувани %customer_name,"
"Dear %merchantName,","Почитувани %merchant_name,"
"Apply Discount Code","Примени код за попуст"
"Enter discount code","Внеси код за попуст"
"Apply Discount","Примени попуст"
"Cancel coupon","Откажи го купонот"
Confirm,Потврди
"The shopping cart isn't empty","Кошничката не е празна"
"You have items in your shopping cart. Would you like to merge items in this order with items of this shopping cart or replace them?","Имате продукти во кошничката. Сакате да ги додадете со продуктите од оваа нарачка или да ги замените?"
"Submitted By","Поднесено од"
"Last Updated","Последно Ажурирано"
"%fieldName is a required field.","%fieldName е задолжително поле."
"Save Config","Зачувај поставка"
"Use Default","Користи предодредено"
"Delete File","Избриши датотека"
Disable,Оневозможи
Configuration,Конфигурација
"Please correct the email address: ""%1"".","Ве молиме корегирајте ја емаил адресата: ""%1""."
"Base currency","Основна валута"
"Display default currency","Прикажи предодредена валута"
Optional,Незадолжително
Stores,Продавници
"Allow everything","Дозволи се"
"Manage Stores","Менаџирај продавници"
"Field 2","Поле 2"
"Field 3","Поле 3"
"Field 3.1","Поле 3.1"
"Field 3.1.1","Поле 3.1.1"
"Field 4","Поле 4"
"Advanced Section","Напредна секција"
"Email to a Friend","Испрати на пријател"
"Edit Product Status","Измени статус на продукт"
"Shipping address is not set","Адресата за испорака не е дефинирана"
"This shipping method is not available. To use this shipping method, please contact us.","Начинот на испорака е достапен. Да го користете овој начин на испорака, ве молиме контактирајте не."
"Shipping & Handling (%1)","Испорака & Достава (%1)"
"Cart %1 doesn't contain item  %2","Кошничката %1 не го содржи продуктот  %2"
"Please check the shipping address information. %1","Ве молиме проверете ги информациите на адресата за испорака. %1"
"Please check the billing address information. %1","Ве молиме проверете ги информациите на адресата за плаќање. %1"
"Please select a valid payment method.","Ве молиме изберете валиден начин на плаќање."
"Shipping address not set.","Адресата за испорака не е дефинирана."
Carts,Кошнички
"Manage carts","Менаџирај кошнички"
"Please check the shipping address information.","Ве молиме проверете ги информациите на адресата за испорака."
"Please check the billing address information.","Ве молиме проверете ги информациите на адресата за плаќање."
"To see product price, add this item to your cart. You can always remove it later.","За да ја видете цената на продуктот ве молиме да го додадете во кошничката. Секогаш можете да го отстранете подоцна."
"See price before order confirmation.","Види цена пред потврда на нарачката."
"In Cart","Во кошничка"
"Click for price","Кликни за цена"
"All Stores","Сите продавници"
"Edit Configurations","Измени поставки"
Catalog,Каталог
"Catalog Details","Детали за каталогот"
"Delete items","Избриши продукти"
"Please enter a sender name.","Ве молиме внесете име на испраќач."
"Please enter a message.","Ве молиме внесете порака."
"Welcome, %name","Добредојдовте, %name"
"%sender_name wants to share this product with you:","%sender_name сака да го сподели овој продукт со вас:"
"Message from %sender_name:","Порака од %sender_name:"
"Show Content as","Прикажи содржина како"
"Terms & Conditions","Правила и услови"
"Enable Terms and Conditions","Овозможи правила и услови"
"Reward Points","Наградни поени"
"Save & Activate","Зачувај & Активирај"
"Your Password","Вашата лозинка"
"The SKU was not found in the catalog.","SKU бројот не е пронајден во каталогот."
"You added %1 item(s) to your shopping cart.","Додадовте %1продукт/и во вашата кошничка."
"%1 item(s) were copied to %2","%1 продукт/и се копирани во %2"
"%1 item(s) were added to the ""%2""","%1 продукт/и се додадени на ""%2"""
"%1 item(s) were moved to %2","%1 продукт/и се копирани во %2"
Rename,Преименувај
items,продукти
item,продукт
"Edit item","Измени го продуктот"
"Please Select Product","Ве молиме изберете продукт"
"Please select at least one product to proceed.","Ве молиме изберете барем еден продукт за да продолжите."
"Name & Description","Име & Опис"
"Payment method","Начин на плаќање"
"Forgot an Item?","Заборавивте продукт?"
"Edit Your Cart","Измени ја кошничката"
"Payment Methods","Начини на плаќање"
Results,Резултати
"Advanced Search Results","Резултати од напредното пребарување"
Grid,Мрежа
List,Листа
"Search Weight","Барај тежина"
Relevance,Релевантност
"Search results for: '%1'","Резултати од пребарувањето за: '%1'"
"%1 and greater","%1 и поголем"
"up to %1","до %1"
Category,Категорија
"%1 and above","%1 и погоре"
"Advanced Search","Напредно пребарување"
"<strong>%1 item</strong> were found using the following search criteria","<strong>%1 продукт</strong> е пронајден користејќи ги следните параметри"
"<strong>%1 items</strong> were found using the following search criteria","<strong>%1 продукти</strong> се пронајдени користејќи ги следните параметри"
"We can't find any items matching these search criteria.","Неможеме да пронајдеме продукти за избраните критериуми."
"Modify your search.","Измени го твоето барање."
"Don't see what you're looking for?","Неможеш да го најдеш тоа што го бараш?"
"Popular Search Terms","Популарни пребарувани термини"
Position,Позиција
Day,Ден
"Add Product","Додади продукт"
"Save Attribute","Зачувај атрибут"
"Use in Search","Користи во пребарување"
"Visible in Advanced Search","Видливо во напредно пребарување"
"Comparable on Storefront","Споредливо во продавницата"
Gallery,Галерија
Visible,Видливо
"Web Site","Веб сајт"
"Close Window","Затвори го прозорецот"
"New Product","Нов продукт"
"Save & Edit","Зачивај & Измени"
"Save & New","Зачувај & Ново"
"Save & Duplicate","Зачивај & Дуплирај"
"Save & Close","Зачувај & Затвори"
Change,Промени
"Create Category","Креирај категорија"
"Last Notified","Последно известен"
"Import Options","Увези опции"
"Default Values","Предодредени вредности"
"Related Products","Поврзани продукти"
"Name in %1","Име во %1"
"Change Status","Прмени статус"
"New Category","Нова категорија"
"Images (.gif, .jpg, .png)","Слики (.gif, .jpg, .png)"
"Inc. Tax","Со ДДВ"
"New Products from %1","Нови продукти од %1"
"New Products","Нови продукти"
"%1 - Special Products","%1 - Специјални продукти"
"You saved the product.","Го зачувавте продуктот."
"You added product %1 to the comparison list.","Го додадовте продуктот %1 во листата за споредба."
"You removed product %1 from the comparison list.","Го отстранивте продуктот %1 од листата за споредба."
"1 item","1 продукт"
"%1 items","%1 продукти"
"Are you sure you want to remove this item from your Compare Products list?","Дали сте сигурни дека сакате да го отстраните овој продукт од листата за споредба?"
"Are you sure you want to remove all items from your Compare Products list?","Дали сте сигурни дека сакате да ги отстраните сите продукти од листата за споредба?"
"Invalid attribute %1","Невалиден атрибут %1"
"Product is not loaded","Продуктот не е вчитан"
"-- Please Select a Category --","-- Ве молиме изберете категорија --"
Percent,Процент
Center,Центар
"Some of the selected item options are not currently available.","Некои од избраните опции на продуктот не се достапни во моментот."
"As low as",Најниско
"Add Selected","Додади ги селектираните"
"Add Option","Додади опција"
"New Option","Нова опција"
"Option Title","Наслов на опцијата"
"Max Characters","Макс. карактери"
"This item has weight","Овој продукт има тежина"
"This item has no weight","Овој продукт нема тежина"
"Related Products, Up-Sells, and Cross-Sells","Related Products, Up-Sells, и Cross-Sells"
"Related products are shown to customers in addition to the item the customer is looking at.","Поврзаните продукти се покажуваат на купувачите како дополнение на продуктот што го гледаат."
"Add Related Products","Додади поврзани продукти"
"Add Selected Products","Додади ги селектираните продукти"
Groups,Групи
"In Stock","На залиха"
"Out of Stock","Нема на залиха"
"Item Price","Цена на продуктот"
"Unselect All","Деселктирај ги сите"
"Select Visible","Селектирај видливи"
"Unselect Visible","Деселектирај видливи"
"Regular Price","Регуларна цена"
"Buy %1 for: ","Купи %1 за: "
"Buy %1 for %2 each and <strong class=""benefit"">save<span class=""percent tier-%3"">&nbsp;%4</span>%</strong>","Купи %1 за %2 секоја и <strong class=""benefit"">зачувај<span class=""percent tier-%3"">&nbsp;%4</span>%</strong>"
"Buy %1 for %2 each","Купи %1 за %2 секоја"
"Compare Products","Спореди продукти"
"In stock","На залиха"
"You have no items to compare.","Немате продукти за споредба."
Compare,Спореди
Prev,Пред
"We can't find products matching the selection.","Неможеме да пронајдеме продукт што одговара на изборот."
"Learn More","Дознај повеќе"
"Add to Compare","Спореди продукт"
"Items %1-%2 of %3","Продукти %1-%2 од %3"
"%1 Item","%1 Продукт"
"%1 Items","%1 Продукти"
Show,Прикажи
"Sort By","Сортирај по"
"More Information","Повеќе информации"
"Please select items.","Ве молиме изберете продукти."
Adding...,"Се додава..."
Inventory,Залиха
"Recently Viewed/Compared Products","Последно видени/споредени продукти"
"All products","Сите продукти"
"New products","Нови продукти"
"Number of Products per Page","Број на продукти по страна"
"Number of Products to Display","Број на продукти за приказ"
"Select Category...","Селектирај категорија..."
"List of Products Recently Viewed by Visitor","Листа на продукти последно видени од посетител"
"Number of Products to display","Број на продукти за приказ"
"Add to Wishlist","Додади во листа на желби"
"List of Products Recently Compared by Visitor","Листа на продукти последно споредени од посетител"
"Delete selected items?","Избриши ги селектираните продукти?"
"Change status","Промени статус"
Details,Детали
"Add To Cart","Во кошничка"
"Add To Compare","Спореди продукт"
"Learn more","Дознај повеќе"
"Save Category","Зачувај категорија"
remaining,останува
"too many",премногу
"Move to Archive","Премести во архива"
Archive,Архива
"Go to Archive","Оди на архива"
Daily,Дневно
subtotal,вкупно
"grand total",вкупно
"Item %1 %2 %3:","Продукт %1 %2 %3:"
"Item SKU %1 %2 ","Продукт SKU %1 %2 "
"The item was added to shopping cart %1, store view %2.","Продуктот е додаден во кошничката %1, продавница %2."
found,пронајдено
"Number of Items","Број на продукти"
"Number of wish list items %1 %2 ","Број на продукти во листата со желби %1 %2 "
"Price change alert! We wanted you to know that prices have changed for these products:","Известување, промена на цени! Сакаме да знаете дека цените на овие продукти се променети:"
"Products price changed alert","Известување за промена на цени"
"Products back in stock alert","Известување за продукти повторно на залиха"
"Notify me when this product is in stock","Извести ме кога овој продукт ќе биде на залиха"
"Sign up to be notified when this product is back in stock.","Регистрирајте продукт за да бидете известени кога овој продукт ќе биде повторно на залиха."
"Please specify a website.","Ве молиме дефинирајте веб сајт."
"Save & Generate","Зачувај & генерирај"
"Edit Sitemap","Измени ја мапата на сајтот"
"New Sitemap","Нова мапа на сајтот"
Sitemap,"Мапа на сајтот"
"XML Sitemap","XML мапа на сајтот"
"Add Sitemap","Додади мапа на сајтот"
"You deleted the sitemap.","Ја избришавте мапата на сајтот."
"This sitemap no longer exists.","Оваа мапа на сајтот не постои повеќе."
"The sitemap ""%1"" has been generated.","Мапата на сајтот ""%1"" е генерирана."
"You saved the sitemap.","Ја зачувавте мапата на сајтот."
Always,Секогаш
Weekly,Неделно
Monthly,Месечно
Priority,Приоритет
"Are you sure you want to do this?","Дали сте сигурни дека сакате да го направете ова?"
"Subtotal (Excl.Tax)","Вкупно (без ДДВ)"
"Subtotal (Incl.Tax)","Вкупно (со ДДВ)"
"Shipping & Handling (Excl.Tax)","Испорака & Достава (без ДДВ)"
"Shipping & Handling (Incl.Tax)","Испорака & Достава (со ДДВ)"
"Grand Total (Excl.Tax)","Вкупно (без ДДВ)"
"Grand Total (Incl.Tax)","Вкупно (со ДДВ)"
"This rule no longer exists.","Правилото повеќе не постои."
"Yes (only price with tax)","Да (само цена со данок)"
"Grand Total (Excl. Tax)","Вкупно (без ДДВ)"
"Grand Total (Incl. Tax)","Вкупно (со ДДВ)"
"Excluding Tax","Без данок"
"Including Tax","Со данок"
"customer group","група на купувачи"
"Excl. tax:","Без ДДВ:"
Taxes,Даноци
"Display Subtotal","Прикажи вкупно"
"(Excl. Tax)","(Без ДДВ)"
"(Incl. Tax)","(Со ДДВ)"
"Order Total Excl. Tax","Вкупно без ДДВ"
"Order Total Incl. Tax","Вкупно со ДДВ"
"-- Select --","-- Избери --"
"What are you looking for?","Што барате?"
Together,Заедно
Separately,Разделено
"Please specify product option(s).","Ве молиме дефинирајте оција/ии на продуктот."
"The options you selected are not available.","Опциите кои ги избравте не се достапни."
"The required options you selected are not available.","Задолжителните опции кои ги избравте не се достапни."
"Please select all required options.","Ве молиме изберете ги сите задолжителни опции."
"Default Title","Предодреден наслов"
"Default Quantity","Предодредена количина"
"Choose a selection...","Одбери селекција..."
"There are no products in this option.","Нема продукти во оваа опција."
"Go back to product details","Назад кон деталите на продуктот"
"Customize and Add to Cart","Прилагодете и додадете во кошничка"
"All Payment Methods","Сите начини на плаќање"
"All Enabled Payment Methods","Сите овозможени начини на плаќање"
"Available Payment Methods","Достапни начини на плаќање"
"Applicable Payment Methods","Применливи начини на плаќање"
"User Name","Корисничко име"
"New Password","Нова лозинка"
"Password Confirmation","Потврди лозинка"
"Account Status","Статус на профилот"
"Your password reset link has expired.","Линкот за ресетирање на лозинката помина."
"We'll email you a link to reset your password.","Ќе ви пратиме емаил со линк за ресетирање на лозинката."
"Please correct this email address:","Ве молиме корегирајте ја емаил адресата:"
"Please enter an email address.","Внесете емаил адреса."
"You updated your password.","Ја ажуриравте лозинката."
email,емаил
password,лозинка
"First Name is a required field.","Името е задолжително поле."
"Last Name is a required field.","Презимето е задолжително поле."
"Password is required field.","Лозинката е задолжителна."
"Your password must be at least %1 characters.","Лозинката мора да содржи барем %1 карактери."
"Enter your email address.  You will receive an email with a link to reset your password.","Внесете ја вашата емаил адреса. Ќе добиете емаил порака со линк за ресетирање на вашата лозинка."
"Email address","Емаил адреса"
"Back to Sign in","Назад кон најава"
"Forgot your password?","Ја заборавивте вашата лозинка?"
"Reset a Password","Ресетирај лозинка"
"Confirm New Password","Потврдете ја новата лозинка"
"Reset Password","Ресетирај лозинка"
"There was recently a request to change the password for your account.","Неодамна беше побарано да ја смените лозинката за вашиот профил."
"If you requested this change, reset your password here:","Доколку вие поднесовте барање за оваа промена, поставете нова лозинка овде:"
"If you did not make this request, you can ignore this email and your password will remain the same.","Доколку не го поднесовте вие ова барање, игнорирајте ја оваа порака и вашата лозинка ќе остане иста."
"Hello,","Здраво,"
"If you have not authorized this action, please contact us immediately at %store_email","Доколку не ја одобрувате оваа промена, ве молиме контактирајте не веднаш на %store_email"
"or call us at %store_phone","или да се јавете на %store_phone"
"Thanks,","Благодариме,"
Username,"Корисничко име"
Amounts,Суми
Bestsellers,Најпродавани
"Most Viewed Products","Најмногу видени продукти"
"New Customers","Нови купувачи"
Average,Просек
Views,Прегледи
"Media (.avi, .flv, .swf)","Медија (.avi, .flv, .swf)"
"All Files","Сите датотеки"
"Reset to Default","Ресетирај на предодредено"
"Save Account","Зачувај профил"
Clear,Исчисти
"Inventory Stock Status","Статус на залихи"
"No change","Нема промена"
"Date From","Датум од"
"Date To","Датум до"
"Delete %1 '%2'","Избриши %1 '%2'"
"Delete %1","Избриши %1"
"Delete Store","Избриши Продавница"
"Save Store","Зачувај Продавница"
"New Web Site","Нов веб сајт"
"Edit Store","Измени продавница"
"New Store","Нова продавница"
"Store Information","Информации за продавницата"
"Web Site Information","Информации за веб сајтот"
"Default Store","Главна продавница"
"Set as Default","Дефинирај како главна"
"Create Website","Креирај веб сајт"
"Create Store","Креирај продавница"
"Add New Image","Додади нова слика"
"Reset Filter","Ресетирај филтер"
"All Countries","Сите држави"
"[ deleted ]","[ избришено ]"
"You have logged out.","Се одјавивте."
"Access Denied.","Пристапот е одбиен."
"You need more permissions to do this.","Потребна ви е дозвола за да го правите ова."
"You saved the design change.","Ги зачувавте измените на дизајнот."
"Something went wrong. Please try again.","Се појави грешка. Ве молиме обидете се повторно."
"This store cannot be deleted.","Оваа продавница неможе да се избрише."
"You deleted the store.","Ја избришавте продавницата."
"New ","Нов "
"Last 24 Hours","Последните 24 часа"
"Last 7 Days","Последните 7 дена"
"Current Month","Тековен месец"
"Order #%1","Нарачка #%1"
"Next steps","Следни чекори"
"previous page","претходна страна"
"Welcome, please sign in","Добредојдовте, ве молиме најавете се"
"user name","корисничко име"
"Sign in","Најави се"
"Last Orders","Последни нарачки"
"Last Search Terms","Последни пребарувани термини"
"Top Search Terms","Топ пребарувани термини"
"Sign Out","Одјави се"
"About the calendar","За календарот"
"Go Today","Оди денес"
Time,Време
Hour,Час
Minute,Минута
"No records found.","Нема пронајдени записи."
"Big Image","Голема слика"
"Additional Settings","Дополнителни сетинзи"
"Previous page","Претходна страна"
"of %1","од %1"
"Next page","Следна страна"
"Export to:","Експорт во:"
Marketing,Маркетинг
Elements,Елементи
Schedule,Распоред
"Other Settings","Други поставки"
"Data Transfer","Пренос на податоци"
Tools,Алатки
Communications,Комуникации
"Customer Support","Корисничка подршка"
"Allow Countries","Дозволи држави"
Timezone,"Временска зона"
"First Day of Week","Прв ден во неделата"
"Weekend Days","Викенд денови"
"Store Name","Име на продавница"
"Store Phone Number","Телефонски број на продавницата"
"ZIP/Postal Code","Поштенски код"
"VAT Number","Даночен број"
Security,Безбедност
Tags,Ознаки
"<h1 class=""page-heading"">404 Error</h1><p>Page not found.</p>","<h1 class=""page-heading"">404 Error</h1><p>Страната не е пронајдена</p>"
"Show more","Покажи повеќе"
Add/Update,Додади/Ажурирај
"Price Excl. Tax","Цена без ДДВ"
"Price Incl. Tax","Цена со ДДВ"
"Submit Shipment","Поднеси испорака"
Weight,Тежина
"Qty Ordered","Кол. нарачена"
"Items to Ship","Продукти за испорака"
"Qty to Ship","Кол. за испорака"
"Shipping &amp; Handling Information","Информации за испорака &amp; достава"
"Shipping and Tracking Information","Информации за испорака"
"Items Shipped","Испорачани продукти"
" for more information or "," за повеќе информации или "
"Shipping Methods","Начини на испорака"
Status:,Статус:
"Upload File","Прикачи датотека"
File,Датотека
"My Cart (1 item)","Моја кошничка (1 продукт)"
"My Cart (%1 items)","Моја кошничка (%1 продукти)"
"My Cart","Моја кошничка"
"For delivery questions.","За прашања за испораката."
"Customer is already registered","Купувачот е веќе регистриран"
"You added %1 to your shopping cart.","Додадовте %1 во вашата кошничка."
"We cannot configure the product.","Неможеме да го конфигурираме продуктот."
"You used coupon code ""%1"".","Го искористи кодот на купонот ""%1""."
"The coupon code ""%1"" is not valid.","Кодот на купонот ""%1"" не е валиден."
"You canceled the coupon code.","Го откажавте кодот на купонот."
"We cannot apply the coupon code.","Неможеме да го примениме кодот на купонот."
"We can't remove the item.","Неможеме да го отстраниме продуктот."
"%1 was updated in your shopping cart.","%1 е ажуриран во вашата кошничка."
Checkout,Нарачка
"Display number of items in cart","Покажи број на продукти во кошничката"
" item"," продукт"
" items"," продукти"
"The customer address is not valid.","Адресата на купувачот не е валидна."
"Invalid shipping method","Невалиден начин на испорака"
"There are more than one shipping addresses.","Има повеќе од една адреса за испорака."
"You must confirm your account. Please check your email for the confirmation link or <a href=""%1"">click here</a> for a new link.","Мора да го потврдите вашиот профил. Ве молиме проверете го вашиот емаил за линк за потврда или <a href=""%1"">кликнете овде</a> за да добиете нов линк."
Error!,Грешка!
"Cancel Coupon","Откажи го купонот"
"Update Shopping Cart","Ажурирај ја кошничката"
"Update Cart","Ажурирај ја кошничката"
"You have no items in your shopping cart.","Немате продукти во кошничката."
"Click <a href=""%1"">here</a> to continue shopping.","Кликнете <a href=""%1"">овде</a> да продолжите со купување."
"Estimate Tax","Пресметај данок"
"Estimate Shipping and Tax","Пресметај испорака и данок"
"Your order # is: <span>%1</span>.","Вашата нарачка # е: <span>%1</span>."
"We'll email you an order confirmation with details and tracking info.","Ви испративме емаил за потврда на нарачката и повеќе информации."
Customer:,Купувач:
Total:,Вкупно:
"Billing Address:","Адреса за плаќање:"
"Shipping Address:","Адреса за испорака:"
"Date & Time:","Датум & Време:"
"Sign In","Најави се"
"Email Address","Емаил адреса"
"Forgot Your Password?","Ја заборавивте вашата лозинка?"
"My billing and shipping address are the same","Мојата адреса за плаќање и испорака се исти"
"Estimated Total","Пресметано вкупно"
"You already have an account with us. Sign in or continue as guest.","Имате регистрирано профил кај нас. Најавете се или продолжете како гостин."
Login,"Најави се"
"See Details","Види детали"
"Options Details","Детали за опции"
"Cart Subtotal",Вкупно
"No Payment method available.","Нема достапни начини за плаќање."
"You can track your order status by creating an account.","Можете да го следите статусот на нарачката со регистрирање на профил."
"Ship To:","Испорачај на:"
edit,измени
"Order Summary","Преглед на нарачката"
"View and Edit Cart","Види и измени кошничка"
"View Details","Види детали"
"Provided Zip/Postal Code seems to be invalid.","Дадениот поштенски код е невалиден."
" Example: "," Пример: "
"Are you sure you would like to remove this item from the shopping cart?","Дали сте сигурни дека сакате да го отстраните овој продукт од вашата кошничка?"
"Review & Payments","Преглед и плаќање"
"Select a new payment method","Избери нов начин на плаќање"
"Save Address","Зачувај адреса"
"Display Billing Address On","Покажи ја адресата за плаќање на"
"We'll send your order confirmation here.","Овде ќе ви испратиме потврда за нарачката."
Payment,Плаќање
"We received your order!","Ја примивме вашата нарачка!"
"Thank you for your purchase!","Ви благодариме што купувате кај нас!"
"Forgot Password","Ја заборавивте вашата лозинка"
"View and edit cart","Види и измени кошничка"
"Select Method","Избери начин"
"Item in Cart","Продукти во кошничката"
"Items in Cart","Продукти во кошничката"
"After number of attempts to login","После број на обиди за најавување"
"Incorrect CAPTCHA","Внесениот код е погрешен"
"Incorrect CAPTCHA.","Внесениот код е погрешен."
"Reload captcha","Нов код"
"Please type the letters and numbers below","Ве молиме внесте го кодот"
"Successful! Test again?","Успешно! Тестирај повторно?"
"Connection failed! Test again?","Врската се прекина! Тестирај повторно?"
"You cannot specify multiple shipping addresses.","Неможете да поставире повеќе адреси за испорака."
"The shipping address must contain either ""customer_address_id"" or ""address"".","Адресата за испорака мора да содржи ""customer_address_id"" или ""address""."
"The shipping address cannot contain ""customer_address_id"" and ""address"" at the same time.","Адресата за испорака неможе да содржи ""customer_address_id"" и ""address"" во исто време."
contains,содржи
"is one of","е еден од"
"is not one of","не е еден од"
Uses,Користења
"Save Search","Зачувај го пребарувањето"
"Delete Search","Избриши пребарување"
"Edit Search '%1'","Измени пребарување '%1'"
"Edit Search","Измени пребарување"
"Please select searches.","Ве молиме изберете прабарувања."
yes,да
"Minimal value","Минимална вредност"
"Maximum value","Максимална вредност"
"Customer Account Edit","Измени го профилот на купувачот"
"Contact Information","Информации за контакт"
"This is your default billing address.","Ова е вашата главна адреса за плаќање."
"Use as my default billing address","Користи како моја главна адреса за плаќање"
"This is your default shipping address.","Ова е вашата главна адреса за испорака."
"Use as my default shipping address","Користи како моја главна адреса за испорака"
"Go back","Врати се назад"
"Change Email","Променете ја емаил адресата"
"Change Password","Промени ја лозинката"
"Change Email and Password","Премени ја емаил адресата и лозинката"
"Current Password","Тековна лозинка"
"Password Strength","Јачина на лозинката"
"No Password","Нема лозинка"
"Personal Information","Лични информации"
"Sign Up for Newsletter","Пријави се за електронски новости"
"Sign-in Information","Информации за најава"
"Confirm Password","Потврди ја лозинката"
"Create an Account","Креирај Профил"
"Customer Address","Адреса на купувачот"
"Default Billing Address","Главна адреса за плаќање"
"Default Shipping Address","Главна адреса за испорака"
"Page Title","Наслов на страна"
"Cannot process the item.","Неможе да се процесира продуктот."
"Default Qty","Прододредена кол."
"Save & Send Email","Зачувај & Прати емаил"
"-- First Please Select a Website --","-- Ве молиме прво изберете вебсајт --"
Used,Користено
Sent,Испратено
"Order #%1.","Нарачка #%1."
"Change Billing Address","Промени ја адресата за плаќање"
"Ship to Multiple Addresses","Испорака на различни адреси"
"Billing Information - %1","Информации за плаќање - %1"
"Review Order - %1","Преглед на нарачката - %1"
"Edit Address","Измени адреса"
"Edit Billing Address","Измени ја адресата за плаќање"
"Edit Shipping Address","Измени ја адресата за испорака"
"Create Billing Address","Креирај адреса за плаќање"
"Create Shipping Address","Креирај адреса за испорака"
"Maximum qty allowed for Shipping to multiple addresses is %1","Максимална кол. дозволена за испорака на различни адреси е %1"
"Please check shipping address information.","Ве молиме проверете ги информациите на адресата за испорака."
"Please check billing address information.","Ве молиме проверете ги информациите на адресата за плаќање."
"Please select shipping methods for all addresses.","Ве молиме начин на испорака за сите адреси."
"Item not found or already ordered","Продуктот не е пронајден или веќе е порачен"
"Please check shipping addresses information.","Ве молиме проверете ги информациите на адресата за испорака."
"Select Addresses","Избери адреси"
"Billing Information","Информации за плаќање"
"Select Address","Избери адреса"
"Back to Billing Information","Назад кон информации за плаќање"
"Please select a shipping address for applicable items.","Ве молиме одберете адреса за испорака за применливите продукти."
"Send To","Испрати на"
"Go to Shipping Information",Продолжи
"Update Qty &amp; Addresses","Ажурирај Кол. &amp; Адреси"
"Enter a New Address","Внесете нова адреса"
"Back to Shopping Cart","Назад кон кошничка"
"Go to Review Your Order",Продолжи
"Back to Shipping Information","Назад кон информации за испорака"
"Other items in your order","Други продукти во вашата нарачка"
"Edit Items","Измени ги продуктите"
"Check Out with Multiple Addresses","Испорака на различни адреси"
"details below","детали подолу"
"Shipping To","Испорака на"
"Order Review","Преглед на нарачката"
"Grand Total:",Вкупно:
"Submitting order information...","Поднесување информации за нарачката..."
"For details, see","За детали, види"
"For successfully ordered items, you'll receive a confirmation email including order numbers, tracking information, and more details.","За успешно нарачани продукти, ќе добиете емаил за потврда со број на нарачка и повеќе информации."
"Address %1 <span>of %2</span>","Адреса %1 <span>од %2</span>"
"Continue to Billing Information",Продолжи
"Back to Select Addresses","Назад кон избор на адреси"
"For successfully order items, you'll receive a confirmation email including order numbers, tracking information and more details.","За успешно нарачани продукти, ќе добиете емаил за потврда со број на нарачка и повеќе информации."
"Allow Shipping to Multiple Addresses","Дозволи испорака на различни адреси"
"Maximum Qty Allowed for Shipping to Multiple Addresses","Максимална кол. дозволена за испорака на различни адреси"
"Review Order","Преглед на нарачката"
"Select Shipping Method","Избери начин на испорака"
"Your order number is: ","Вашиот број на нарачка е: "
"Verify the shipping address information and continue.","Потврдете ја адресата за испорака и продолжете."
"Verify the billing address information and continue.","Потврдете ја адресата за плаќање и продолжете."
"Save Page","Зачувај страна"
Modified,Изменето
"Delete Folder","Избриши папка"
"You saved the page.","Ја зачувавте страната."
"You saved this page.","Ја зачувавте страната."
"Are you sure you wan't to delete selected items?","Дали сте сигурни дека сакате да ги избришете селектираните продукти?"
"Go to Top","Оди на врвот"
"[%1 days ago]","[пред %1 денови]"
"Last Update","Последно Ажурирано"
"Delete ""%1""","Избриши ""%1"""
"Refresh Status","Освежи статус"
"Save and Continue","Зачивај и продолжи"
"%1 Item(s)","%1 Продукт/и"
"Store alternative addresses (for shipping to multiple family members and friends)","Зачуваш повеќе адреси (доколку сакаш да направиш испорака на некој член од семејството или пријател)"
"You need more permissions to delete this item.","Потребна ви е дозвола за да го избришете овој продукт."
"You need more permissions to view this item.","Потребна ви е дозвола за да го видете овој продукт."
Category:,Категорија:
"message %1","порака %1"
"Select Category","Одбери категорија"
"Related Orders","Поврзани нарачки"
Purchased,Купено
"Ask Customer","Прашај го купувачот"
"Every 3 days","Секои 3 дена"
"Every 7 days","Секои 7 дена"
"Every 10 days","Секои 10 дена"
"Every 14 days","Секои 14 дена"
"Every 30 days","Секои 30 дена"
"Every 40 days","Секои 40 дена"
"Updated At","Ажурирано на"
" to learn more."," да дознаеш повеќе."
Updated:,Ажурирано:
"Please select a shipping method...","Ве молиме изберете начин на испорака..."
"Update Shipping Method","Ажурирај начин на испорака"
"Edit Payment Information","Измени ги информациите за плаќање"
"Items in Your Shopping Cart","Продукти во твојата кошничка"
"Edit Shopping Cart","Измени ја кишничката"
"Please update order data to get shipping methods and rates","Ве молиме ажурирајте ги податоците за нарачката да добиете начин на испорака и"
"Other Payment Methods:","Други начини на плаќање:"
"Display on Product Details Page","Покажи на страната со детали на продуктот"
"Skip Order Review Step","Прескокни го чекорот за преглед на нарачка"
"Save Review","Зачувај мислење"
"New Review","Ново мислење"
"Review Details","Детали за мислење"
"Summary of Review","Преглед од мислење"
"Save and Previous","Зачувај и претходно"
"Save and Next","Зачувај и следно"
"Delete Review","Избриши мислење"
"Edit Review '%1'","Измени мислење '%1'"
"Update Status","Ажурирај статус"
"Pending Reviews of Customer `%1`","Мислења од купувач на чекање `%1`"
"Pending Reviews","Мислења на чекање"
"All Reviews of Customer `%1`","Сите мислења од купувач `%1`"
"All Reviews of Product `%1`","Сите мислења од продукт `%1`"
"All Reviews","Сите мислења"
"Save Rating","Зачувај оценка"
"Delete Rating","Избриши оценка"
"New Rating","Нова оценка"
"Product Reviews","Мислења за продукти"
"Pending product review(s)","Мислење/а за продукт на чекање"
"Review: %1 <br/>","Мислење: %1 <br/>"
"Click <a href=""%1"">here</a> to see the review.","Кликни <a href=""%1"">овде</a> за да го видиш мислењето."
"Product: ""%1"" reviewed by: %2","Продукт: ""%1"" мислење од: %2"
"Reviews %1","Мислења %1"
Reviews,Мислења
"The review has been deleted.","Мислењето е избришено."
"Customer Reviews","Мислења од купувачи"
"Edit Review","Измени мислење"
"Please select review(s).","Ве молиме одберете мислење/а."
"You saved the review.","Го зачувавте мислењето."
Ratings,Оценки
"My Product Reviews","Мои мислења за продукти"
"We can't post your review right now.","Во моментот неможеме да го објавиме вашето мислење."
"Please enter a review.","Ве молиме внесете мислење."
Rating,Оценка
"You have submitted no reviews.","Немате дадено мислења за продукти."
"My Recent Reviews","Мои последни мислења"
"Your Review","Вашето мислење"
"Submitted on %1","Поднесено на %1"
"Back to My Reviews","Назад кон моите мислења"
"Ratings Review Summary","Преглед на оценки од мислења"
"Be the first to review this product","Бидете први што ќе дадете мислење за овој продукт"
"Write Your Own Review","Дадете ваше мислење"
"You're reviewing:","Давате мислење за:"
"Your Rating","Вашате оценка"
"Submit Review","Дади мислење"
"Only registered users can write reviews. Please <a href=""%1"">Sign in</a> or <a href=""%2"">create an account</a>","Само регистрирани купувачи можат да дадат мислење. Ве молиме <a href=""%1"">најавете се</a> или <a href=""%2"">регистрирајте профил</a>"
"Add Your Review","Додадете го вашето мислење"
"%1 Review(s)","%1 мислење/а"
"Review by","Мислење од"
"Posted on","Објавено на"
"Product Review (submitted on %1):","Мислење за продукт (дадено на %1):"
"Back to Product Reviews","Назад кон мислења за продукти"
"Allow Guests to Write Reviews","Дозволи гости да дадат мислења"
"Only registered users can write reviews. Please, <a href=""%1"">Sign in</a> or <a href=""%2"">create an account</a>","Само регистрирани купувачи можат да дадат мислење. Ве молиме <a href=""%1"">најавете се</a> или <a href=""%2"">регистрирајте профил</a>"
"Remove Attribute","Отстрани атрибут"
"Save Option","Зачивај опција"
"Remove Option","Отстрани опција"
"Continue Processing","Продолжи со процесирање"
"Apply To","Примени на"
more,повеќе
"Show Related Products","Покажи поврзани продукти"
"Applies To","Се однесува на"
"Enable Search Recommendations","Овозможи препорачани пребарувања"
"When you enable this option your site may slow down.","Кога ќе ја овозможите оваа опција вашата продавница може да стане побавна."
"Enable Search Suggestions","Овозможи сугестивни пребарувања"
"Related search terms","Поврзани термини за пребарување"
"Did you mean","Дали мислевте"
"Suggested Term","Сугериран термин"
"Manage Shopping Cart","Менаџирај кошничка"
"Create Order","Креирај нарачка"
"Are you sure you want to clear your cart?","Дали сте сигурни дека сакате да ја исчистите вашата кошничка?"
"Clear my shopping cart","Исчисти ја мојата кошничка"
"Add selections to my cart","Додади ја селекцијата во мојата кошничка"
"Shopping Cart for %1 in %2","Кошничка за %1 во %2"
"Select products you want to buy","Изберете ги продуктите што сакате да ги купите"
"Products in the Comparison List (%1)","Продукти во листата за споредба (%1)"
"Last ordered items (%1)","Последно порачани продукти (%1)"
"Recently Viewed Products (%1)","Последно видени продукти (%1)"
"Add to Shopping Cart by SKU","Додади во кошничка според SKU"
"Add to Shopping Cart","Додади во кошничка"
"Wish List (%1)","Листа со желби (%1)"
"Add to Order by SKU","Додади во нарачка според SKU"
"Add to Order","Додади во нарачка"
"Add Products to Order","Додади продукти во нарачка"
"Only %1%2%3 left in stock","Само %1%2%3 се останати на залиха"
"You can buy up to %1 of these per purchase.","Можете да купите %1 продукт/и по нарачка."
"You must buy at least %1 of these per purchase.","Морате да купите %1 продукт/и по нарачка."
"Specify the product's options.","Дефинирај ги опциите на продуктот."
"Alert me when this item is available.","Извести ме кога овој продукт ќе биде на залиха."
"Shopping cart management is disabled for this customer.","Менаџментот на кошничката е онемовозможен за овој купувач."
"You do not have access to this.","Немате пристап до ова."
"You cannot configure a product.","Неможете да конфигурирате продукт."
"You removed the items.","Ги избришавте овие продукти."
"You removed the item.","Го избришавте овој продукт."
"You cannot add a product.","Неможете да додадете продукт."
"Availability: Out of stock.","Залиха: Нема на залиха."
"You can't add this many to your cart.","Не можете да додадете толку многу во вашата кошничка."
"You need to choose options for your item.","Морате да изберете опции за вашиот продукт."
"We can't add the item to your cart.","Неможеме да го додадеме продуктот во вашата кошничка."
"Please enter an actual number in the ""Qty"" field.","Ве молиме внесете број во полето."
"This product is assigned to another website.","Овој продукт е доделен на друга продавница."
"You can add only enabled products.","Можете да додадете само „вкличени“ продукти."
"You cannot upload this file.","Неможете да ја прикачете оваа датотека."
"The file is empty.","Датотеката е празна."
"You have not entered a product SKU. Please <a href=""%1"">click here</a> to add product(s) by SKU.","Немате внесено SKU број за продуктот. Ве молиме <a href=""%1"">кликнете овде</a> да внесете SKU број на продуктот/те."
"You have not entered a product SKU.","Немате внесено SKU број."
"We can't add a product to cart by id ""%1"".","Не можеме да го додадеме продуктот во кошничката по id ""%1""."
"You added %1 product to your shopping cart.","Додадовте %1продукт во вашата кошничка."
"You added %1 products to your shopping cart.","Додадовте %1 продукти во вашата кошничка."
"Are you sure you want to remove this item?","Дали сте сигурни дека сакате да го отстраните овој продукт?"
"SKU number","SKU број"
"Only <span id=""%1_max_allowed"">%2</span> in stock","Само <span id=""%1_max_allowed"">%2</span> на залиха"
"Add Products By SKU","Додади продукти по SKU"
"Shopping Cart Management","Менаџмент на кошничката"
"View Shopping Cart","Видете ја вашата кошничка"
"View and modify Shopping Cart","Видете и изменете ја кошничката"
"Apply Coupon","Примени купон"
"Dear %name,","Почитувани %name,"
"Cancel the Order","Откажи ја нарачката"
"Updated By","Ажурирано од"
"Minimum Qty","Минимална кол."
"Allow Qty Below 0","Дозволи кол. под 0"
"Stock Status","Статус на залиха"
"Only %1 left","Само %1 останат/и"
"Product availability","Достапност на продуктот"
"Stock Options","Опции на залихата"
"Index stock","Индексирај залиха"
"<span>Item %1</span> of %2","<span>Продукт %1</span> од %2"
"Newsletter Signup","Пријава за елктронски новости"
"Please provide Name for all of recipients.","Ве молиме обезбедете Име за сите примачи."
"Please provide Name of sender.","Ве молиме обезбедете Име за праќачот."
"<a href=""%1"">Learn more</a>.","<a href=""%1"">Дознај повеќе</a>."
"'Action Details - #' .","'Детали за акцијата - #' ."
"Action Details - #","Детали за акцијата - #"
"Save and Apply","Зачивај и примени"
"Unknown action.","Непозната акција."
Inches,Инчи
Centimeters,Центиметри
inch,инч
"There is no items in this order","Нема продукти во оваа нарачка"
"Add Product by SKU","Додади продукт по SKU"
"Undefined Action","Недефинирана акција"
"Name: A - Z","Име: А - Ш"
"Name: Z - A","Име: Ш - А"
"Sort by color","Сортирај по боја"
"Save and Close","Зачувај и затвори"
"Determines which products are 'low stock'","Одредува кои продукти се на 'ниска залиха'"
"Please specify a recipient name.","Ве молиме внесете име на примач."
"Please specify a sender name.","Ве молиме внесете име на испраќач."
"Delete Customer","Избриши купувач"
"Visitors and Registered Customers","Посетители и регистрирани купувачи"
"Registered Customers","Регистрирани купувачи"
Visitors,Посетители
"does not contains","не содржи"
"Product List","Листа на продукти"
"Customer Address %1","Адреси на купувачот %1"
"Default Address","Главна адреса"
"Customer %1","Купувач %1"
subscribed,претплатени
"Order Status %1 %2:","Статус на нарачката %1 %2:"
viewed,видено
ordered,нарачено
"Number of Orders","Број на нарачки"
"Purchased Quantity","Купена количина"
"Shopping Cart Total","Вкупно во кошничка"
"Shopping Cart %1 Amount %2 %3:","Кошничка %1 сума %2 %3:"
ZIP,"Поштенски код"
"Customer Since","Купувач од"
"Save and Resume","Зачувај и продолжи"
Subject,Предмет
"Save As","Зачувај како"
"Newsletter Subscribers","Претплатници на елетронски новости"
Newsletter,"Електронски новости"
Cancelled,Откажено
"Not Sent","Не е испратено"
Sending,"Се праќа"
Paused,Паузирано
"Sign Up for Our Newsletter:","Пријави се за електронски новости:"
"Enter your email address","Внесете ја вашата емаил адреса"
Subscribe,"Пријави се"
"Newsletter subscription confirmation","Потврдете ја вашата пријава"
"Thank you for subscribing to our newsletter.","Благодариме што се пријавивте да ги добивате најновите понуди и новости."
"To begin receiving the newsletter, you must first confirm your subscription by clicking on the following link:","Но пред тоа, потребно е прво да ја потврдите вашата пријава со клик на следниот линк:"
"Newsletter subscription success","Успешно се пријавивте"
"You have been successfully subscribed to our newsletter.","Успешно се пријавивте да ги добивате најновите понуди и новости."
"Newsletter unsubscription success","Успешно се одјавивте"
"You have been unsubscribed from the newsletter.","Успешно се одјавивте. Повеќе нема да ги добивате најновите понуди и новости."
"Subscription Options","Претплата за"
"Customer First Name","Име на купувач"
"Customer Last Name","Презиме на купувач"
"Newsletter Subscriptions","Претплати за електронски новости"
Configurations,Конфигурации
"You can't add the item to shopping cart.","Неможете да го додадете продуктот во кошничката."
"New Product Review","Преглед на нов продукт"
"Disable Product","Оневозможи продукт"
"Enable Product","Овозможи продукт"
"Buy %1 for %2 each and","Купи %1 за %2 секоја и"
save,зачувај
failed,неуспешно
successful,успешно
"Please correct the password.","Ве молиме корегирајте ја лозинката."
"Are you sure you want to continue?","Дали сте сигурни дека сакате да продолжете?"
"%1 is required.","%1 е задолжително."
Days,Денови
Hrs,Часови
Mins,Минути
Sec,Секунди
"Category ID","Категорија ID"
"More information","Повеќе информации"
available,достапно
"In Review","На прегледување"
"No changes","Нема промени"
"The item was deleted","Продуктот е избришан"
"Catalog Reviews","Мислење за продукти"
Unknown,Непознато
"Email Preview","Прегледи емаил"
"Street Address 1","Улица 1"
"Street Address 2","Улица 2"
"Thank you, %store_name","Благодариме, %store_name"
"Read Details","Прочитај детали"
"Mark as Read","Означи како прочитано"
"Messages Inbox","Сандаче со пораки"
close,затвори
Notifications,Известувања
"The message has been marked as Read.","Пораката е означена како прочитена."
"Please select messages.","Ве молиме изберете порака."
"The message has been removed.","Пораката е избришена."
"1 Hour","1 час"
"2 Hours","2 часа"
"6 Hours","6 часа"
"12 Hours","12 часа"
"24 Hours","24 часа"
critical,критично
major,големо
minor,мало
notice,забелешка
"System Messages:","Системски пораки:"
"Critical System Messages","Критични системски пораки"
"Major System Messages","Важни системски пораки"
"System messages","Системски пораки"
"See All (","Види ги сите ("
" unread)"," непрочитани)"
"Show List","Прикажи листа"
"You deleted %1 record(s).","Избришавте %1 запис/и."
"Please enter a name.","Ве молиме внесете име."
"-- None --","-- Нема --"
"You are subscribed to our newsletter.","Вие сте пријавени да добивате електронски новости од нас."
"You aren't subscribed to our newsletter.","Вие не сте пријавени да добивате електронски новости од нас."
"You have not set a default shipping address.","Немате дефинирано главна адреса за испорака."
"You have not set a default billing address.","Немате дефинирано главна адреса за плаќање."
region,регион
"Save Customer","Зачувај купувач"
"New Customer","Нов купувач"
"Shopping Cart from %1","Кошничка од %1"
"Newsletter Information","Информации за електронски новости"
"Subscribed to Newsletter","Пријавени за електронски новости"
"No Newsletter Found","Нема пронајдено електронски новости"
"The customer does not have default billing address.","Купувачот нема предодредена адреса за плаќање."
"Days in Wish List","Денови во листата"
"Add New Customer Group","Додади нова група на купувачи"
"Save Customer Group","Зачувај група на купувачи"
"Delete Customer Group","Избриши група на купувачи"
"New Customer Group","Нова група на купувачи"
"The customer is now assigned to Customer Group %s.","Купувачот е доделен на групата на купувачи %s."
"Customer Login","Најавете се"
"Create New Customer Account","Креирај нов профил"
"Date of Birth","Датум на раѓање"
"There is already an account with this email address. If you are sure that it is your email address, <a href=""%1"">click here</a> to get your password and access your account.","Веќе има креирано профил со оваа Емаил адреса. Ако сте сигурни дека е ова е вашата адреса <a href=""%1"">кликнете овде</a> да добиете лозинка и да пристапите до вашиот профил."
"Please make sure your passwords match.","Ве молиме проверете дали двете лозинка се совпаѓаат."
"Password confirmation doesn't match entered password.","Лозинката за потврда не се совпаѓа со внесената лозинка."
"Please correct the email address.","Ве молиме корегирајте ја емаил адресата."
"If there is an account associated with %1 you will receive an email with a link to reset your password.","Ако има профил поврзан со %1 ќе добиете Емаил со линк за ресетирање на вашата лозинка."
"This account is not confirmed. <a href=""%1"">Click here</a> to resend confirmation email.","Овој профил не е потврден. <a href=""%1"">Кликнете овде</a> да испратите емаил за потврда."
"New Password and Confirm New Password values didn't match.","Новата лозинка и потврдената нова лозинка не се совпаѓаат."
"Please enter a new password.","Ве молиме внесете нова лозинка."
"Something went wrong while saving the new password.","Се случи грешка додека се зачувуваше новата лозинка."
"You deleted the address.","Ја избришавте адресата."
"You saved the address.","Ја зачувавте адресата."
"We can't save the address.","Неможеме да ја зачуваме адресата."
"Please select customer(s).","Ве молиме изберете купувач/и."
"The customer will receive an email with a link to reset password.","Купувачот ќе добие Емаил со линк за ресетирање на лозинката."
"Something went wrong while resetting customer password.","Се случи грешка додека се ресетираше лозинката на купувачот."
"You saved the customer.","Го зачувавте купувачот."
"Invalid login or password.","Невалидно корисничко име или лозинка."
"Please enter a password with at most %1 characters.","Ве молиме внесете лозинка со најмногу %1 карактери."
"You will be charged tax.","Ќе ви виде наплатен данок."
"You will not be charged tax.","Нема да ви биде наплатен данок."
Male,Машко
Female,Женско
"Not Specified","Не дефинирано"
"Thank you for registering with","Благодариме за регистрирање со"
"enter your billing address for proper VAT calculation","внесете адреса на плаќање за точна пресметка на данок"
"enter your shipping address for proper VAT calculation","внесете адреса на испорака за точна пресметка на данок"
"Please enter new password.","Ве молиме внесете нова лозинка."
Visitor,Посетител
"Confirmed email:","Потврден емаил:"
Newsletters,"Електронски новости"
"You are subscribed to ""General Subscription"".","Пријавени сте да ги добивате најновите понуди и новости."
"Default Addresses","Предодредени адреси"
"You have no default billing address in your address book.","Немате главна адреса за плаќање во вашиот адресар."
"Change Shipping Address","Промени ја адресата за испорака"
"You have no default shipping address in your address book.","Немате главна адреса за испорака во вашиот адресар."
"Additional Address Entries","Дополнителни адреси"
"Delete Address","Избриши адреса"
"You have no other address entries in your address book.","Немате дополнителни адреси во вашиот адресар."
"It's a default billing address.","Ова е главна адреса за плаќање."
"It's a default shipping address.","Ова е главна адреса за испорака."
"Send confirmation link","Испрати линк за потврда"
"Back to Sign In","Назад кон најава"
"Please enter your email address below to receive a password reset link.","Ве молиме внесете ја емаил адресата подолу за да добиете линк за ресетирање на лозинката."
"Reset My Password","Ресетирај ја мојата лозинка"
"If you have an account, sign in with your email address.","Ако имате регистрирано профил, најавете се со вашата Емаил адреса."
"Subscription option","Претплата за"
"General Subscription","Најнови понуди и новости"
"Set a New Password","Поставете нова лозинка"
"You have signed out and will go to our homepage in 5 seconds.","Се одјавивте. За 5 секунди ќе бидете префрлени на почетната страна."
"Creating an account has many benefits: check out faster, keep more than one address, track orders and more.","Креирањето на профил има повеќе бенефиции: побрзо завршување на нарачките, зачувување повеќе од една адреса и повеќе."
"Tax/VAT number","Даночен број"
"Please confirm your %store_name account","Ве молиме потврдете го вашиот профил - %store_name"
"You must confirm your %customer_email email before you can sign in (link is only valid once):","Мора да го потврдите вашиот %customer_email емаил пред да се најавите (линкот е валиден само еднаш):"
"Confirm Your Account","Потврди го твојот профил"
"Thank you for confirming your %store_name account.","Благодариме што го потврдивте вашиот %store_name профил."
"To sign in to our site and set a password, click on the <a href=""%create_password_url"">link</a>:","Да се најавите на нашата продавница и поставите лозинка, клкнете <a href=""%create_password_url"">овде</a>:"
"Your %store_name email has been changed","Вашата емаил адреса беше променета - %store_name"
"If you have not authorized this action, please contact us immediately at <a href=""mailto:%store_email"">%store_email</a>","Доколку не ја одобрувате оваа промена, ве молиме контактирајте не веднаш на <a href=""mailto:%store_email"">%store_email</a>"
"Thanks,<br>%store_name","Благодариме,<br>%store_name"
"Your %store_name email and password has been changed","Вашата емаил адреса и лозинка беа променети - %store_name"
"We have received a request to change the following information associated with your account at %store_name: email, password.","Добивме барање за промена на следните информации во врска со вашиот профил на %store_name: емаил, лозинка."
"Reset your %store_name password","Ресетирајте ја вашата лозинка - %store_name"
"If you requested this change, set a new password here:","Доколку вие го поднесовте барање за оваа промене, поставете нова лозинка овде:"
"Your %store_name password has been changed","Вашата лозинка беше променета - %store_name"
"We have received a request to change the following information associated with your account at %store_name: password.","Добивме барање за промена на следните информации во врска со вашиот профил на %store_name: емаил, лозинка."
"Are you sure you want to delete this address?","Дали сте сигурни дека сакате да ја избришете оваа адреса?"
Weak,Слаба
Strong,Силна
"Very Strong","Многу силна"
"All Customers","Сите купувачи"
"Number of different character classes required in password: Lowercase, Uppercase, Digits, Special Characters.","За лозинката се потребни повеќе различни класи на каректери: мали букви, големи букви, броеви, специјални карактери."
"Show Tax/VAT Number","Покажи даночен број"
"Unsubscribe from Newsletter","Одјави се од електронски новости"
"Confirmed email","Потврден емаил"
"Tax VAT Number","Даночен број"
"Last Activity","Последна активност"
"Customer Information","Информации за купувачот"
"Are you sure you want to delete this item?","Дали сте сигурни дека сакате да го избришете овој продукт?"
Addresses,Адреси
"Edit Account Information","Измени ги информаџиите за профилот"
"Password forgotten","Заборавена лозинка"
"You are signed out","Одјавени сте"
"Confirm your new password.","Потврдете ја новата лозинка."
"Please enter a first name.","Ве молиме внесете име."
"Please enter a last name.","Ве молиме внесете презиме."
"You subscribe to ""General Subscription"".","Се пријавивте да ги добивате најновите понуди и новости."
"Please Select Order","Ве молиме изберете нарачка"
"Remaining Qty","Останата кол."
"Requested Qty","Побарана кол"
"Add Details","Додади детали"
"Please enter a valid message.","Ве молиме валидна порака."
"We cannot display the available shipping methods.","Неможеме да ги прикажеме достапните начини на испорака."
"Ordered: ","Порачено: "
"Authorized Qty","Авторизирана кол."
"Returned Qty","Вратена кол."
"Approved Qty","Одобрена кол."
"All Items","Сите продукти"
"Account &amp; Shipping Information","Информации за Профилот &amp; Испорака"
"Request Details","Побарај детали"
"Order Shipping Address","Адреса за испорака за нарачката"
"Change shipping method.","Промени го начинот на испорака."
"Order &amp; Account Information","Нарачка &amp; Информации за профилот"
"Please Select Products to Add","Ве молиме изберете продукти за додавање"
"Add Item To Return","Додади продукт за враќање"
"Request Qty","Побарана кол."
"Hide Details","Сокриј детали"
"Show Details","Покажи детали"
"%store_name:  New customer comment","%store_name:  Нов коментар од купувач"
"Customer %name has left a new comment:","Купувачот %name даде нов коментар:"
"You can check the status of your return by <a href=""%account_url"">logging into your account</a> or <a href=""%form_url"">using your order number</a>.","Можете да го проверите статусот на вашата нарачка <a href=""%account_url"">најавувајки се на вашиот профил</a> или <a href=""%form_url"">користејки го бројот на нарачката</a>."
"Placed on %created_at","Направена на %created_at"
"Contact Name","Име за контакт"
"My Wish List","Моја листа со желби"
"Share Wish List","Сподели листа со желби"
"Add All to Cart","Додади ги сите во кошничка"
"Update Wish List","Ажурирај листа со желби"
"Move to Wishlist","Премести во листа со желби"
"This Wish List has no Items","Оваа листа со желби нема продукти"
"Wish List is empty now.","Листата со желби сега е празна."
"Last Added Items","Последно додадени продукти"
"Go to Wish List","Оди во листа со желби"
"You have no items in your wish list.","Немате продукти во листата со желби."
"Take a look at %customer_name's Wish List","Види ја листата со желби на %customer_name"
"%customer_name wants to share this Wish List from %store_name with you:","%customer_name сака да ја сподели оваа Листа со желби од %store_name со вас:"
"Message from %customer_name:","Порака од %customer_name:"
"View all Wish List items","Види ги сите продукти од листата со желби"
"No Items Found","Не се пронајдени продукти"
"Product Details and Comment","Детали за продуктот и коментари"
"Add To Wishlist","Додади во листа на желби"
"Show Reviews","Покажи мислења"
"Customers Reviews","Мислења од купувачи"
"Reviews for %1","Мислења за %1"
"Products Reviews","Мислења за продукти"
"Invoiced Orders","Фактурирани нарачки"
"Products in Cart","Продукти во кошничка"
"Abandoned Cart","Напуштена кошничка"
"Ordered Quantity","Порачена количина"
"Last Review","Последно мислење"
"Company Name:","Име на компанија:"
"Company Email:","Емаил на фирмата:"
"Street Address:",Улица:
"Email Address:","Емаил адреса:"
"First Name:",Име:
"Last Name:",Презиме:
"Your account is now active. You can use it to login to the <a href=""%customer_url"">website</a>.","Вашиот профил е активен. Можете да се најавите на нашата <a href=""%customer_url"">веб продавница</a>."
"Account Information (View)","Информации за профилот (види)"
"View orders","Види нарачки"
"%fieldName is a required field","%fieldName е задолжително поле"
"Your Language:","Вашиот јазик:"
"Your Language","Вашиот јазик"
Language,Јазик
"Coupon Qty","Кол. на купони"
"Quantity in cart","Количина во кошничка"
"Price in cart","Цена во кошничка"
Warning,Предупредување
"Recent items","Последни продукти"
"Show all...","Покажи ги сите..."
"Please enter a number greater 0 in this field.","Ве молиме внесете број поголем од 0."
"Please select one of each ratings above.","Ве молиме изберете една од наведените оценки."
"All ","Сите "
Translate,Преведи
"Please select a file.","Ве молиме изберете датотека."
"Please select one of the options.","Ве молиме изберете една од опциите."
"Password cannot be the same as email address.","Лозинката неможе да биде иста како емаил адресата."
"Please enter a valid email address.","Ве молиме внесете валидна емаил адреса."
"The password can't be the same as the email address. Create a new password and try again.","Лозинката неможе да биде иста како емаил адресата. Креирајте нова лозинка и обидете се повторно."
